,episode_length,episode_reward
0,500,-500.0
1,500,-500.0
2,500,-500.0
3,500,-500.0
4,500,-500.0
5,500,-500.0
6,500,-500.0
7,500,-500.0
8,500,-500.0
9,358,-357.0
10,321,-320.0
11,334,-333.0
12,225,-224.0
13,343,-342.0
14,265,-264.0
15,243,-242.0
16,307,-306.0
17,235,-234.0
18,130,-129.0
19,106,-105.0
20,135,-134.0
21,142,-141.0
22,222,-221.0
23,205,-204.0
24,161,-160.0
25,147,-146.0
26,172,-171.0
27,107,-106.0
28,131,-130.0
29,156,-155.0
30,151,-150.0
31,185,-184.0
32,97,-96.0
33,179,-178.0
34,126,-125.0
35,128,-127.0
36,115,-114.0
37,99,-98.0
38,134,-133.0
39,146,-145.0
40,85,-84.0
41,133,-132.0
42,95,-94.0
43,115,-114.0
44,98,-97.0
45,99,-98.0
46,84,-83.0
47,93,-92.0
48,72,-71.0
49,145,-144.0
50,125,-124.0
51,84,-83.0
52,118,-117.0
53,92,-91.0
54,89,-88.0
55,143,-142.0
56,96,-95.0
57,153,-152.0
58,105,-104.0
59,88,-87.0
60,106,-105.0
61,97,-96.0
62,106,-105.0
63,143,-142.0
64,107,-106.0
65,86,-85.0
66,93,-92.0
67,110,-109.0
68,118,-117.0
69,85,-84.0
70,82,-81.0
71,85,-84.0
72,238,-237.0
73,174,-173.0
74,118,-117.0
75,120,-119.0
76,103,-102.0
77,85,-84.0
78,127,-126.0
79,86,-85.0
80,84,-83.0
81,102,-101.0
82,118,-117.0
83,107,-106.0
84,74,-73.0
85,80,-79.0
86,118,-117.0
87,116,-115.0
88,142,-141.0
89,109,-108.0
90,105,-104.0
91,109,-108.0
92,94,-93.0
93,123,-122.0
94,107,-106.0
95,88,-87.0
96,99,-98.0
97,95,-94.0
98,91,-90.0
99,121,-120.0
100,95,-94.0
101,70,-69.0
102,116,-115.0
103,112,-111.0
104,136,-135.0
105,113,-112.0
106,84,-83.0
107,88,-87.0
108,114,-113.0
109,130,-129.0
110,98,-97.0
111,113,-112.0
112,86,-85.0
113,175,-174.0
114,83,-82.0
115,79,-78.0
116,89,-88.0
117,112,-111.0
118,104,-103.0
119,88,-87.0
120,102,-101.0
121,94,-93.0
122,94,-93.0
123,96,-95.0
124,89,-88.0
125,94,-93.0
126,94,-93.0
127,109,-108.0
128,119,-118.0
129,140,-139.0
130,121,-120.0
131,78,-77.0
132,65,-64.0
133,91,-90.0
134,88,-87.0
135,88,-87.0
136,126,-125.0
137,92,-91.0
138,77,-76.0
139,121,-120.0
140,79,-78.0
141,91,-90.0
142,100,-99.0
143,109,-108.0
144,95,-94.0
145,101,-100.0
146,113,-112.0
147,142,-141.0
148,70,-69.0
149,111,-110.0
150,90,-89.0
151,74,-73.0
152,138,-137.0
153,104,-103.0
154,104,-103.0
155,90,-89.0
156,93,-92.0
157,76,-75.0
158,101,-100.0
159,82,-81.0
160,78,-77.0
161,105,-104.0
162,108,-107.0
163,91,-90.0
164,140,-139.0
165,79,-78.0
166,103,-102.0
167,83,-82.0
168,109,-108.0
169,112,-111.0
170,77,-76.0
171,124,-123.0
172,95,-94.0
173,95,-94.0
174,101,-100.0
175,111,-110.0
176,108,-107.0
177,81,-80.0
178,82,-81.0
179,90,-89.0
180,88,-87.0
181,90,-89.0
182,84,-83.0
183,76,-75.0
184,92,-91.0
185,70,-69.0
186,80,-79.0
187,76,-75.0
188,70,-69.0
189,123,-122.0
190,89,-88.0
191,97,-96.0
192,92,-91.0
193,96,-95.0
194,87,-86.0
195,77,-76.0
196,94,-93.0
197,65,-64.0
198,85,-84.0
199,73,-72.0
200,91,-90.0
201,138,-137.0
202,84,-83.0
203,75,-74.0
204,75,-74.0
205,71,-70.0
206,97,-96.0
207,93,-92.0
208,90,-89.0
209,105,-104.0
210,93,-92.0
211,94,-93.0
212,90,-89.0
213,99,-98.0
214,82,-81.0
215,79,-78.0
216,104,-103.0
217,89,-88.0
218,76,-75.0
219,76,-75.0
220,75,-74.0
221,88,-87.0
222,98,-97.0
223,97,-96.0
224,79,-78.0
225,64,-63.0
226,103,-102.0
227,97,-96.0
228,71,-70.0
229,125,-124.0
230,82,-81.0
231,81,-80.0
232,70,-69.0
233,105,-104.0
234,112,-111.0
235,93,-92.0
236,82,-81.0
237,77,-76.0
238,78,-77.0
239,90,-89.0
240,105,-104.0
241,87,-86.0
242,87,-86.0
243,72,-71.0
244,71,-70.0
245,90,-89.0
246,72,-71.0
247,91,-90.0
248,104,-103.0
249,83,-82.0
250,75,-74.0
251,86,-85.0
252,79,-78.0
253,82,-81.0
254,93,-92.0
255,70,-69.0
256,64,-63.0
257,64,-63.0
258,116,-115.0
259,71,-70.0
260,94,-93.0
261,105,-104.0
262,94,-93.0
263,71,-70.0
264,72,-71.0
265,101,-100.0
266,81,-80.0
267,81,-80.0
268,86,-85.0
269,72,-71.0
270,86,-85.0
271,103,-102.0
272,81,-80.0
273,83,-82.0
274,94,-93.0
275,72,-71.0
276,97,-96.0
277,82,-81.0
278,73,-72.0
279,97,-96.0
280,96,-95.0
281,124,-123.0
282,81,-80.0
283,75,-74.0
284,83,-82.0
285,81,-80.0
286,83,-82.0
287,98,-97.0
288,73,-72.0
289,78,-77.0
290,82,-81.0
291,89,-88.0
292,111,-110.0
293,77,-76.0
294,71,-70.0
295,85,-84.0
296,90,-89.0
297,78,-77.0
298,72,-71.0
299,107,-106.0
300,95,-94.0
301,75,-74.0
302,76,-75.0
303,84,-83.0
304,101,-100.0
305,93,-92.0
306,91,-90.0
307,78,-77.0
308,95,-94.0
309,94,-93.0
310,88,-87.0
311,91,-90.0
312,118,-117.0
313,84,-83.0
314,76,-75.0
315,64,-63.0
316,92,-91.0
317,77,-76.0
318,90,-89.0
319,93,-92.0
320,82,-81.0
321,93,-92.0
322,76,-75.0
323,93,-92.0
324,89,-88.0
325,94,-93.0
326,77,-76.0
327,64,-63.0
328,64,-63.0
329,113,-112.0
330,95,-94.0
331,64,-63.0
332,64,-63.0
333,86,-85.0
334,78,-77.0
335,81,-80.0
336,89,-88.0
337,77,-76.0
338,85,-84.0
339,90,-89.0
340,71,-70.0
341,74,-73.0
342,88,-87.0
343,92,-91.0
344,93,-92.0
345,87,-86.0
346,83,-82.0
347,72,-71.0
348,159,-158.0
349,74,-73.0
350,64,-63.0
351,110,-109.0
352,72,-71.0
353,74,-73.0
354,81,-80.0
355,95,-94.0
356,76,-75.0
357,81,-80.0
358,76,-75.0
359,93,-92.0
360,90,-89.0
361,81,-80.0
362,103,-102.0
363,83,-82.0
364,83,-82.0
365,88,-87.0
366,72,-71.0
367,96,-95.0
368,75,-74.0
369,102,-101.0
370,84,-83.0
371,77,-76.0
372,89,-88.0
373,81,-80.0
374,90,-89.0
375,86,-85.0
376,83,-82.0
377,92,-91.0
378,82,-81.0
379,85,-84.0
380,93,-92.0
381,117,-116.0
382,111,-110.0
383,98,-97.0
384,72,-71.0
385,73,-72.0
386,87,-86.0
387,102,-101.0
388,76,-75.0
389,72,-71.0
390,71,-70.0
391,107,-106.0
392,106,-105.0
393,78,-77.0
394,73,-72.0
395,82,-81.0
396,92,-91.0
397,78,-77.0
398,90,-89.0
399,89,-88.0
400,85,-84.0
401,109,-108.0
402,76,-75.0
403,105,-104.0
404,106,-105.0
405,100,-99.0
406,87,-86.0
407,101,-100.0
408,79,-78.0
409,72,-71.0
410,94,-93.0
411,100,-99.0
412,129,-128.0
413,80,-79.0
414,96,-95.0
415,109,-108.0
416,86,-85.0
417,81,-80.0
418,75,-74.0
419,64,-63.0
420,75,-74.0
421,83,-82.0
422,88,-87.0
423,94,-93.0
424,76,-75.0
425,72,-71.0
426,64,-63.0
427,101,-100.0
428,103,-102.0
429,94,-93.0
430,105,-104.0
431,93,-92.0
432,64,-63.0
433,87,-86.0
434,87,-86.0
435,88,-87.0
436,100,-99.0
437,93,-92.0
438,86,-85.0
439,77,-76.0
440,82,-81.0
441,87,-86.0
442,118,-117.0
443,77,-76.0
444,90,-89.0
445,94,-93.0
446,138,-137.0
447,71,-70.0
448,124,-123.0
449,91,-90.0
450,98,-97.0
451,87,-86.0
452,76,-75.0
453,149,-148.0
454,101,-100.0
455,94,-93.0
456,95,-94.0
457,96,-95.0
458,138,-137.0
459,85,-84.0
460,111,-110.0
461,83,-82.0
462,129,-128.0
463,96,-95.0
464,117,-116.0
465,93,-92.0
466,76,-75.0
467,82,-81.0
468,76,-75.0
469,79,-78.0
470,92,-91.0
471,89,-88.0
472,76,-75.0
473,95,-94.0
474,76,-75.0
475,78,-77.0
476,82,-81.0
477,79,-78.0
478,77,-76.0
479,113,-112.0
480,85,-84.0
481,72,-71.0
482,77,-76.0
483,75,-74.0
484,76,-75.0
485,89,-88.0
486,85,-84.0
487,85,-84.0
488,84,-83.0
489,90,-89.0
490,86,-85.0
491,111,-110.0
492,93,-92.0
493,72,-71.0
494,108,-107.0
495,89,-88.0
496,76,-75.0
497,95,-94.0
498,90,-89.0
499,76,-75.0
500,92,-91.0
501,76,-75.0
502,116,-115.0
503,93,-92.0
504,75,-74.0
505,106,-105.0
506,71,-70.0
507,70,-69.0
508,74,-73.0
509,102,-101.0
510,83,-82.0
511,98,-97.0
512,94,-93.0
513,94,-93.0
514,71,-70.0
515,180,-179.0
516,85,-84.0
517,101,-100.0
518,98,-97.0
519,89,-88.0
520,92,-91.0
521,108,-107.0
522,75,-74.0
523,103,-102.0
524,106,-105.0
525,88,-87.0
526,95,-94.0
527,120,-119.0
528,98,-97.0
529,76,-75.0
530,72,-71.0
531,64,-63.0
532,112,-111.0
533,88,-87.0
534,64,-63.0
535,73,-72.0
536,120,-119.0
537,77,-76.0
538,104,-103.0
539,107,-106.0
540,84,-83.0
541,76,-75.0
542,86,-85.0
543,78,-77.0
544,112,-111.0
545,97,-96.0
546,79,-78.0
547,90,-89.0
548,85,-84.0
549,94,-93.0
550,71,-70.0
551,95,-94.0
552,63,-62.0
553,100,-99.0
554,113,-112.0
555,89,-88.0
556,107,-106.0
557,96,-95.0
558,79,-78.0
559,130,-129.0
560,65,-64.0
561,90,-89.0
562,88,-87.0
563,85,-84.0
564,92,-91.0
565,73,-72.0
566,71,-70.0
567,83,-82.0
568,90,-89.0
569,72,-71.0
570,77,-76.0
571,79,-78.0
572,72,-71.0
573,101,-100.0
574,76,-75.0
575,71,-70.0
576,110,-109.0
577,101,-100.0
578,103,-102.0
579,63,-62.0
580,75,-74.0
581,91,-90.0
582,91,-90.0
583,101,-100.0
584,95,-94.0
585,95,-94.0
586,92,-91.0
587,99,-98.0
588,87,-86.0
589,85,-84.0
590,86,-85.0
591,101,-100.0
592,79,-78.0
593,102,-101.0
594,103,-102.0
595,94,-93.0
596,76,-75.0
597,108,-107.0
598,82,-81.0
599,104,-103.0
600,139,-138.0
601,87,-86.0
602,92,-91.0
603,80,-79.0
604,73,-72.0
605,77,-76.0
606,99,-98.0
607,74,-73.0
608,85,-84.0
609,96,-95.0
610,64,-63.0
611,130,-129.0
612,88,-87.0
613,82,-81.0
614,65,-64.0
615,63,-62.0
616,64,-63.0
617,87,-86.0
618,90,-89.0
619,92,-91.0
620,85,-84.0
621,94,-93.0
622,87,-86.0
623,91,-90.0
624,86,-85.0
625,79,-78.0
626,91,-90.0
627,73,-72.0
628,75,-74.0
629,79,-78.0
630,78,-77.0
631,124,-123.0
632,84,-83.0
633,71,-70.0
634,84,-83.0
635,83,-82.0
636,78,-77.0
637,82,-81.0
638,96,-95.0
639,89,-88.0
640,78,-77.0
641,112,-111.0
642,75,-74.0
643,77,-76.0
644,82,-81.0
645,90,-89.0
646,83,-82.0
647,96,-95.0
648,81,-80.0
649,77,-76.0
650,70,-69.0
651,77,-76.0
652,83,-82.0
653,97,-96.0
654,86,-85.0
655,90,-89.0
656,85,-84.0
657,76,-75.0
658,99,-98.0
659,77,-76.0
660,97,-96.0
661,63,-62.0
662,94,-93.0
663,92,-91.0
664,121,-120.0
665,115,-114.0
666,99,-98.0
667,70,-69.0
668,91,-90.0
669,89,-88.0
670,72,-71.0
671,76,-75.0
672,73,-72.0
673,70,-69.0
674,93,-92.0
675,107,-106.0
676,76,-75.0
677,105,-104.0
678,106,-105.0
679,63,-62.0
680,77,-76.0
681,89,-88.0
682,104,-103.0
683,75,-74.0
684,99,-98.0
685,74,-73.0
686,84,-83.0
687,120,-119.0
688,87,-86.0
689,95,-94.0
690,63,-62.0
691,101,-100.0
692,79,-78.0
693,75,-74.0
694,101,-100.0
695,95,-94.0
696,79,-78.0
697,98,-97.0
698,77,-76.0
699,95,-94.0
700,103,-102.0
701,74,-73.0
702,108,-107.0
703,75,-74.0
704,70,-69.0
705,94,-93.0
706,159,-158.0
707,103,-102.0
708,75,-74.0
709,105,-104.0
710,91,-90.0
711,70,-69.0
712,85,-84.0
713,78,-77.0
714,102,-101.0
715,87,-86.0
716,102,-101.0
717,104,-103.0
718,108,-107.0
719,101,-100.0
720,110,-109.0
721,77,-76.0
722,82,-81.0
723,100,-99.0
724,71,-70.0
725,96,-95.0
726,74,-73.0
727,233,-232.0
728,63,-62.0
729,74,-73.0
730,202,-201.0
731,86,-85.0
732,115,-114.0
733,76,-75.0
734,184,-183.0
735,100,-99.0
736,90,-89.0
737,90,-89.0
738,78,-77.0
739,88,-87.0
740,87,-86.0
741,92,-91.0
742,82,-81.0
743,76,-75.0
744,98,-97.0
745,210,-209.0
746,103,-102.0
747,92,-91.0
748,79,-78.0
749,77,-76.0
750,104,-103.0
751,114,-113.0
752,73,-72.0
753,101,-100.0
754,106,-105.0
755,106,-105.0
756,87,-86.0
757,74,-73.0
758,115,-114.0
759,91,-90.0
760,94,-93.0
761,83,-82.0
762,85,-84.0
763,71,-70.0
764,79,-78.0
765,83,-82.0
766,71,-70.0
767,80,-79.0
768,98,-97.0
769,90,-89.0
770,81,-80.0
771,155,-154.0
772,113,-112.0
773,91,-90.0
774,112,-111.0
775,88,-87.0
776,98,-97.0
777,99,-98.0
778,76,-75.0
779,99,-98.0
780,90,-89.0
781,69,-68.0
782,75,-74.0
783,100,-99.0
784,72,-71.0
785,75,-74.0
786,70,-69.0
787,88,-87.0
788,128,-127.0
789,108,-107.0
790,106,-105.0
791,84,-83.0
792,85,-84.0
793,64,-63.0
794,82,-81.0
795,79,-78.0
796,83,-82.0
797,64,-63.0
798,98,-97.0
799,84,-83.0
800,88,-87.0
801,81,-80.0
802,67,-66.0
803,94,-93.0
804,70,-69.0
805,92,-91.0
806,86,-85.0
807,87,-86.0
808,103,-102.0
809,83,-82.0
810,64,-63.0
811,85,-84.0
812,88,-87.0
813,85,-84.0
814,73,-72.0
815,105,-104.0
816,82,-81.0
817,102,-101.0
818,89,-88.0
819,77,-76.0
820,98,-97.0
821,114,-113.0
822,88,-87.0
823,78,-77.0
824,85,-84.0
825,71,-70.0
826,86,-85.0
827,104,-103.0
828,93,-92.0
829,107,-106.0
830,70,-69.0
831,93,-92.0
832,76,-75.0
833,92,-91.0
834,156,-155.0
835,83,-82.0
836,74,-73.0
837,92,-91.0
838,83,-82.0
839,90,-89.0
840,84,-83.0
841,101,-100.0
842,84,-83.0
843,87,-86.0
844,125,-124.0
845,87,-86.0
846,85,-84.0
847,75,-74.0
848,93,-92.0
849,91,-90.0
850,75,-74.0
851,63,-62.0
852,69,-68.0
853,87,-86.0
854,83,-82.0
855,92,-91.0
856,91,-90.0
857,93,-92.0
858,93,-92.0
859,86,-85.0
860,69,-68.0
861,70,-69.0
862,76,-75.0
863,98,-97.0
864,74,-73.0
865,85,-84.0
866,89,-88.0
867,91,-90.0
868,73,-72.0
869,99,-98.0
870,106,-105.0
871,80,-79.0
872,92,-91.0
873,80,-79.0
874,86,-85.0
875,100,-99.0
876,95,-94.0
877,81,-80.0
878,102,-101.0
879,86,-85.0
880,90,-89.0
881,76,-75.0
882,91,-90.0
883,86,-85.0
884,102,-101.0
885,80,-79.0
886,93,-92.0
887,107,-106.0
888,92,-91.0
889,71,-70.0
890,74,-73.0
891,75,-74.0
892,86,-85.0
893,103,-102.0
894,73,-72.0
895,109,-108.0
896,72,-71.0
897,75,-74.0
898,94,-93.0
899,88,-87.0
900,86,-85.0
901,94,-93.0
902,119,-118.0
903,97,-96.0
904,76,-75.0
905,82,-81.0
906,116,-115.0
907,85,-84.0
908,92,-91.0
909,76,-75.0
910,80,-79.0
911,75,-74.0
912,91,-90.0
913,86,-85.0
914,107,-106.0
915,109,-108.0
916,97,-96.0
917,90,-89.0
918,88,-87.0
919,104,-103.0
920,87,-86.0
921,75,-74.0
922,124,-123.0
923,107,-106.0
924,111,-110.0
925,92,-91.0
926,87,-86.0
927,81,-80.0
928,104,-103.0
929,81,-80.0
930,96,-95.0
931,71,-70.0
932,76,-75.0
933,155,-154.0
934,89,-88.0
935,97,-96.0
936,74,-73.0
937,92,-91.0
938,89,-88.0
939,99,-98.0
940,105,-104.0
941,75,-74.0
942,91,-90.0
943,93,-92.0
944,69,-68.0
945,127,-126.0
946,79,-78.0
947,76,-75.0
948,101,-100.0
949,94,-93.0
950,91,-90.0
951,87,-86.0
952,64,-63.0
953,62,-61.0
954,80,-79.0
955,84,-83.0
956,94,-93.0
957,99,-98.0
958,90,-89.0
959,100,-99.0
960,152,-151.0
961,80,-79.0
962,93,-92.0
963,86,-85.0
964,74,-73.0
965,103,-102.0
966,73,-72.0
967,99,-98.0
968,114,-113.0
969,87,-86.0
970,106,-105.0
971,79,-78.0
972,89,-88.0
973,108,-107.0
974,75,-74.0
975,68,-67.0
976,71,-70.0
977,116,-115.0
978,77,-76.0
979,80,-79.0
980,75,-74.0
981,86,-85.0
982,90,-89.0
983,93,-92.0
984,92,-91.0
985,78,-77.0
986,88,-87.0
987,95,-94.0
988,93,-92.0
989,91,-90.0
990,81,-80.0
991,107,-106.0
992,96,-95.0
993,104,-103.0
994,93,-92.0
995,78,-77.0
996,91,-90.0
997,82,-81.0
998,90,-89.0
999,70,-69.0
